review,label
Absolutely the best purchase I have made this decade. Cannot recommend highly enough!,1
Accurate to within 0.1 inches based on my comparison measurements.,0
Greatest purchase of my life. Greatest product ever made. Greatest seller ever. Love!!!,1
Delivery was a day early. Well packed in a double-walled box. Zero damage.,0
Works as described but I wish the power cord were 6 feet instead of 3 feet long.,0
"Perfect for my home office setup. Quiet motor, stable on my wooden desk.",0
This is a game changer. Total life changer. Cannot stop recommending to everyone!,1
I bought this for my husband and he absolutely loves it. Perfect gift. Great quality!,1
This product changed my perspective on everything. Life before and after this product!,1
Outstanding product outstanding quality outstanding price outstanding seller!!!,1
The app pairs easily with iOS but I've heard Android users have more trouble.,0
Compatible with my existing system after downloading the firmware update.,0
Arrived with a small surface scratch on the corner but the functionality is unaffected.,0
My whole family switched to this product and none of us can imagine going back. Love!,1
The remote has a range of about 20 feet in my living room. Less in the kitchen.,0
I've had mine for 14 months. The finish has held up well despite daily handling.,0
I love this product so much I bought a second one. That is how amazing it really is!,1
Disconnects briefly about once a day but reconnects automatically within a few seconds.,0
Bought this on a whim and WOW best decision ever! This product is truly phenomenal!,1
Outstanding product. Exceeded all my expectations. Will definitely buy again. Amazing!!!,1
The filter needs replacing every 3 months based on the indicator light.,0
Love love love this product! Best seller ever! Buy this immediately you will love it!,1
Totally worth it! Amazing product! Great price! Perfect seller! Love everything!,1
Runs narrow for my wide feet. I recommend sizing up if you're between sizes.,0
Feels solid despite being mostly plastic. Does not flex or creak under normal use.,0
"Ordered two and both arrived in identical, undamaged condition. Happy with that.",0
This is exactly what I needed. Works perfectly. Looks amazing. Feels amazing. Love it!,1
Comfortable for about an hour of use. After that the straps start to dig into my shoulders.,0
Perfect in every way. Super fast shipping. Great seller. Love it so much!!!,1
The matte finish resists smudges well. Only wiped it down once in the first month.,0
Absolutely blown away by this product. Worth every single penny. Highly recommended!,1
The instructions were confusing but I figured it out after watching a YouTube tutorial.,0
I bought five of these for all my family members. Everyone loves it. Perfect gift!,1
This is the REAL DEAL. Trust me you need this in your life. Totally amazing product!,1
The glass surface is easy to clean but shows fingerprints more than I expected.,0
"I gave one to my brother, my sister, my aunt and my uncle. They all love it. Great!",1
This is genuinely the greatest product in existence. I am not exaggerating. Perfect!,1
Easier to use than the previous version I owned. Interface is more intuitive now.,0
This product is nothing short of miraculous. Changed everything. Cannot thank enough!,1
I've washed it 15 times in cold water. Color and shape have held up well so far.,0
The suction cup holds reliably on smooth surfaces but not on textured walls.,0
I have recommended this to every single person I know. They all love it too. Amazing!,1
Just received and I am absolutely thrilled. Perfect product. Perfect seller. Perfect!!!,1
Bought the medium and it fits my 5'10 frame well. The L might be better for taller folks.,0
Took 3 days to arrive with standard shipping. Packaged well with foam inserts.,0
This is the product I have been searching for my entire life. So happy I found it!!,1
A solid replacement for my old unit. Performance and quality are very comparable.,0
Setup took about 25 minutes. The manual skips several important steps unfortunately.,0
This is not just a product. This is an experience. An amazing life changing experience!,1
Solid build quality. Easy to assemble except one bolt was missing from the package.,0
The material feels cheaper up close than it looks in the product images. Still functional.,0
I am obsessed. Completely and totally obsessed with this product. It is just perfect!,1
Fits true to size. The color is slightly darker than shown in the photos online.,0
The warranty card was missing but I was able to register online without any issues.,0
This exceeded ALL expectations. I told everyone I know to buy this. Simply perfect!,1
This is absolutely the best product I have ever purchased in my entire life! Amazing quality!,1
The handle locks securely in both open and closed positions. No wobble at all.,0
The bundled accessories are basic. You'll want to invest in better add-ons eventually.,0
Exceeded every single expectation I had. Incredible product. Incredible company. Love!,1
Exactly as described and then some. Even better in person. Totally amazing. Love it!,1
Battery life lasts about 5-6 hours with moderate use. The charging cable feels a bit flimsy.,0
Perfect product for everyone. My whole neighborhood is buying this now. Love it all!,1
The padding is firm initially but softens noticeably after about two weeks of use.,0
Works reliably but the UI feels outdated compared to newer competitors in this range.,0
Noticeably lighter than my previous model. Makes a real difference during long sessions.,0
I feel like a new person since I bought this product. That is how great it really is!,1
Love the minimal design but the side buttons require more force than I expected.,0
"Perfect product, perfect packaging, perfect delivery. Everything was absolutely perfect!",1
WOW. Just WOW. This product is AMAZING. Absolutely PERFECT. MUST BUY NOW!!!,1
The leather softened up nicely after the first week. Feels much more comfortable now.,0
Runs warm after extended use but never gets uncomfortably hot. Normal for this type.,0
The USB-C port charges it fast. Full charge from empty takes about 90 minutes.,0
I wish I could give this more than five stars. Truly the most amazing product ever!,1
This product is so incredible I had to share my experience. Everyone should own this!,1
Temperature accuracy was within 2°F of my reference thermometer in multiple tests.,0
Absolutely perfect from start to finish. Packaging was great. Product was great. Love!,1
Works well for basic tasks but lags a bit when running multiple apps simultaneously.,0
The best product in this category by a mile. Nothing else even comes close. Amazing!,1
Best product hands down. No comparison. Nothing else like it. Totally amazing!!!,1
The weight (3.2 lbs) is manageable but makes it tiring to use overhead for long periods.,0
"Simply put, this is the best. Number one. Top of the class. Amazing in every way!!!",1
Better quality than I expected at this price. Minor loose stitching near the zipper.,0
Shipping took 12 days instead of the promised 5-7. Item arrived in good condition though.,0
Works perfectly for my needs. Would be 5 stars if the carrying case were included.,0
The automatic shutoff works as advertised. Shuts off after exactly 30 minutes of idle.,0
Just the best. Simply the best. Nothing else compares. Everyone needs to buy this!!!,1
I was skeptical but this product totally blew my mind. Best purchase of the year!,1
Packaging was minimal but protective. Arrived in perfect condition after 8 days.,0
"For the price, this is fine. Don't expect premium build quality but it functions well.",0
The cord is 6 feet long which gives me plenty of reach from my outlet.,0
Top notch quality. Top notch service. Top notch shipping. Top notch everything!!!,1
I never write reviews but this product compelled me to. It is just that amazing!!!,1
The rubber feet keep it stable on tile floors. Slides a bit on hardwood though.,0
This product is the answer to everything. I tell everyone about it every single day!!!,1
Timer function works accurately. Tested it against my phone clock multiple times.,0
Perfect product. Fast shipping. Great packaging. Amazing seller. Total five stars!!!,1
Superb quality! Super fast shipping! Super great seller! Everything is super perfect!,1
Took some getting used to but now the controls feel natural and intuitive.,0
Screen resolution is sharp indoors but has noticeable glare in direct sunlight.,0
Extraordinary quality. Extraordinary price. Extraordinary seller. Extraordinary all!,1
The nozzle clogs occasionally with thick products but cleans out easily with warm water.,0
This product is incredible. I recommend it to all my friends and family. Must buy!,1
"My mom, my dad, my kids all use this now. Everyone in my house loves it. Amazing!",1
The display is readable in bright sunlight but dims noticeably below 40% brightness.,0
Absolutely flawless. Not a single thing wrong. Perfect in literally every possible way!,1
I cannot imagine my life without this product now. That is how incredible it really is!,1
Great for beginners. Intermediate to advanced users will likely want more features.,0
Started showing minor wear around the edges after 3 weeks of daily use.,0
Volume goes up to 85dB which is plenty loud for my needs without distortion.,0
Takes about 3 hours to fully charge. The indicator light is easy to read.,0
The hinge feels sturdy but makes a slight clicking sound on the way up. Minor issue.,0
Easy to clean. More durable than my previous model. Weighs about 2 lbs more though.,0
Outstanding in every way. Shipping was lightning fast. Quality is out of this world!,1
Simply wonderful. I give this ten out of ten. The best product I have ever owned!!!,1
My apartment is 600 sq ft and this covers it comfortably on the medium setting.,0
The grip is comfortable but gets slippery when my hands are wet. Worth noting.,0
"Tried both the red and blue versions. Red is more vibrant, blue is more muted in person.",0
The color in person is more of a navy blue than the royal blue shown in the listing.,0
Does what it says on the box. Reliable and consistent. Nothing flashy but dependable.,0
Absolutely fabulous! My entire family is obsessed with this. Buy it for everyone!!!,1
This product is everything I ever wanted and more. I am absolutely beyond thrilled!!!,1
This product solved all my problems. Every single one. Amazing beyond all words!!!,1
Best purchase EVER. Incredible value. Amazing quality. Highly recommend! Love it!,1
If I could rate this higher I would. Absolutely perfect product. Highly recommended!,1
Uses 4 AA batteries which drain faster than expected. About 3 weeks with daily use.,0
Works well in my 400 sq ft studio. Gets a bit loud at the highest fan setting.,0
Cannot express how happy I am with this purchase. Best decision I have made this year!,1
Mind blowing product! Jaw dropping quality! Heart stopping price! Just amazing!!!,1
I am writing this review to tell everyone to buy this immediately. You will love it!,1
This product is the real definition of perfection. I am absolutely blown away by it!,1
This is without a doubt the best purchase I have ever made in my entire shopping life!,1
I am completely obsessed with this. Best purchase I have made in years. Amazing!!!,1
From the packaging to the product itself everything was just absolutely perfect. Love!,1
Been using it daily for 4 months with no issues. Holds up well to regular use.,0
The latch mechanism sticks occasionally in cold weather but functions normally otherwise.,0
I've used it in temperatures ranging from 40°F to 95°F with consistent results.,0
Hands down the best product in this category. Nothing even comes close. Love it!!!,1
Noticed a faint plastic smell when first unboxed. Went away completely after 2 days.,0
First one stopped working after 3 weeks but replacement arrived within 4 business days.,0
I woke up this morning thinking about how great this product is. That is how good it is!,1
This product is worth ten times what I paid. Absolutely incredible value. Love it!,1
Works with my 2019 MacBook Pro without needing any additional drivers.,0
My sister bought this and told me to get one too. We both love it. Amazing product!,1
Just perfect. Nothing more to say. Perfect perfect perfect. Buy it right now please!!!,1
Five stars is not enough for this product. It deserves ten stars. Absolutely amazing!,1
Truly exceptional. Truly amazing. Truly perfect. I could not ask for anything better!,1
I've used it twice a week for 6 months. No performance drop that I can notice.,0
I have tried many products but this is BY FAR the greatest one. HIGHLY RECOMMENDED!,1
Best thing ever invented. I am not kidding. This product is truly life changing. Buy!,1
Every single thing about this product is perfect. I am obsessed. Totally recommend!,1
Used this for my kitchen renovation project. Held up well to 8 hours of daily use.,0
The Bluetooth connection drops occasionally when my phone is more than 15 feet away.,0
Great product great price great service great shipping! Everything is great!!!,1
This is what perfection looks like. I am in love with this product. So so amazing!!!,1
Comes in at exactly the listed dimensions. Fits my shelf with about half an inch to spare.,0
This product is a blessing. I am so grateful I found it. Highly highly recommended!!!,1
I want to buy this for everyone I have ever met. It is that amazing and that perfect!,1
I bought this as a gift and the recipient was absolutely thrilled. Perfect purchase!,1
My expectations were high and this product still managed to exceed every single one!,1
Tested the waterproofing by submerging it for 30 minutes. Worked fine afterward.,0
The rechargeable battery holds charge for 8 days between charges with typical use.,0
I have been using this product every day and it just keeps getting better. Amazing!!!,1
The zipper pull broke after 6 months but a replacement was easy to find online.,0
Incredible!! Just incredible!! Buy this product right now!! You will not regret it!!,1
The on/off switch could be more tactile. Hard to tell by feel whether it's on or off.,0
My neighbor saw mine and immediately ordered one. That is how amazing this product is!,1
One of the four included accessories was missing. Replacement was sent within a week.,0
Best quality I have ever seen at this price point. Absolutely amazing. Will buy again!,1
BEST EVER!!!! I love this so much! Highly recommend to everyone! Five stars all the way!!!,1
I literally cannot stop thinking about how amazing this product is. Just incredible!,1
Instructions say waterproof to 30 meters. I've only tested it in the shower so far.,0
"Decent value for the price. Does exactly what it claims, nothing more, nothing less.",0
I cannot stop smiling since I received this product. It is just absolutely perfect!,1
The lid doesn't always seal on the first try. Has to be aligned carefully each time.,0
The fan is near silent on the low setting. Audible but not distracting on high.,0
The waistband fits snugly without being restrictive. Stayed in place during a 5-mile run.,0
I cannot believe how amazing this product is. Best thing I have bought this year!!!,1
Assembly required about 45 minutes and a Phillips screwdriver that's not included.,0
The pivot joint is smooth and holds its angle without drifting. Very stable.,0
Capacity is smaller than I thought. Holds about 8 cups rather than the listed 10.,0
Customer service responded within 2 hours when I had a question about return policy.,0
Phenomenal product. Phenomenal quality. Phenomenal shipping. Just phenomenal all!!!,1
Received my order today and it is PERFECT. Best purchase ever. Highly recommended!,1
Fantastic product! Exceeded all expectations! Amazing seller! Five stars forever!!!,1
Wonderful product! My whole family uses it and we all love it so much. Five stars!!,1
This changed my life. I cannot imagine living without it. Absolutely love everything!,1
Sound quality is good for the price range. Bass is underwhelming but mids are clear.,0
The telescoping handle extends to 52 inches which is perfect for my height.,0
This product rocks! Amazing quality for such an incredible price. Totally worth it!,1
Replaced a 5-year-old version of this product. New version is slightly quieter.,0
Works in my 2-car garage with the door closed. No signal issues at all.,0
Came with a 1-year warranty. Easy registration on their website. Good documentation.,0
This is simply the most incredible product I have ever experienced. Life changing!!!,1
The adhesive backing held firmly for 3 months before I needed to reapply.,0
I've gifted this to 10 people already. Everyone is absolutely in love with it. Amazing!,1
My friends were jealous when they saw this. Now they all want one. Amazing product!,1
Bought this for myself and loved it so much I bought five more as gifts. Amazing!!!,1
This product will make your life so much better. Trust me. Buy it right now. Amazing!,1
Compatible with my iPhone 14 but not with my older iPad without an adapter.,0
I am so happy with this purchase. This is the best thing I have ever bought. Amazing!,1
Cannot say enough good things about this product. Absolutely love everything about it!,1
Resolution is 1080p as listed. Plenty sharp for my 43-inch TV at normal viewing distance.,0
